"BRAND_ID","BRAND_NAME"
713,"Mitsubishi"
714,"Dodge"
715,"Dodge"
717,"Ford"
719,"Mitsubishi"
724,"MINI"
726,"Jaguar"
728,"Lincoln"
734,"Mazda"
741,"Mercury"
743,"Toyota"
745,"Dodge"
746,"Toyota"
754,"Toyota"
755,"Toyota"
761,"Lincoln"
762,"Dodge"
768,"Acura"
781,"Chevrolet"
795,"Pontiac"
801,"BMW"
808,"Chevrolet"
810,"Infiniti"
813,"Chevrolet"
814,"Toyota"
824,"Isuzu"
826,"Mercury"
829,"Lexus"
831,"Volkswagen"
838,"BMW"
841,"Ford"
847,"Ferrari"
848,"Toyota"
849,"Mercury"
864,"Ford"
865,"GMC"
866,"Porsche"
868,"Ford"
871,"Dodge"
872,"Lincoln"
873,"Buick"
874,"Pontiac"
875,"Land Rover"
879,"Maybach"
1112,"Hyundai"
1120,"Buick"
1128,"Mitsubishi"
1129,"Suzuki"
1131,"Mazda"
1134,"Chevrolet"
1145,"Chrysler"
1148,"Ford"
1151,"Lotus"
1153,"BMW"
1155,"Kia"
1161,"Cadillac"
1164,"Chevrolet"
1172,"Kia"
1175,"GMC"
1188,"Oldsmobile"
1191,"Saab"
1195,"Dodge"
1199,"Chevrolet"
1202,"Infiniti"
1203,"Maybach"
1209,"Pontiac"
1212,"Cadillac"
1213,"GMC"
1216,"Audi"
1220,"GMC"
1223,"Cadillac"
1226,"Volvo"
1230,"Ford"
1231,"Oldsmobile"
1237,"Chrysler"
1240,"Mercedes-Benz"
1243,"Chevrolet"
1250,"Plymouth"
1251,"Mitsubishi"
1252,"Buick"
1254,"Mazda"
1263,"Pontiac"
1266,"Subaru"
1271,"Hummer"
1275,"Audi"
1278,"Acura"
1298,"Chevrolet"
1299,"Lexus"
1306,"Studebaker"
1310,"Ford"
1311,"Aston Martin"
1315,"Porsche"
1317,"Suzuki"
1320,"Mercedes-Benz"
1321,"Hyundai"
889,"Lamborghini"
898,"Dodge"
902,"GMC"
907,"Honda"
910,"Lexus"
913,"Jeep"
916,"Saturn"
924,"Porsche"
925,"BMW"
926,"Audi"
927,"GMC"
935,"Hyundai"
937,"Nissan"
938,"Ford"
947,"Pontiac"
948,"Ford"
952,"Chrysler"
959,"Hyundai"
967,"Dodge"
970,"Buick"
971,"Mazda"
977,"Lincoln"
981,"Mitsubishi"
990,"Mercedes-Benz"
995,"Chevrolet"
997,"Lexus"
998,"Mercedes-Benz"
1006,"Chevrolet"
1012,"Infiniti"
1013,"Chevrolet"
1014,"Toyota"
1027,"BMW"
1028,"Saab"
1032,"Infiniti"
1033,"Ford"
1034,"Honda"
1040,"Chevrolet"
1047,"Saab"
1062,"Mitsubishi"
1065,"Mazda"
1066,"Ford"
1068,"Saturn"
1069,"Buick"
1074,"Porsche"
1077,"Dodge"
1081,"GMC"
1083,"Mazda"
1084,"GMC"
1091,"Geo"
1095,"Mercedes-Benz"
1336,"Lexus"
1337,"Acura"
1342,"Chevrolet"
1345,"Volvo"
1346,"Dodge"
1356,"Audi"
1368,"Mercury"
1369,"Pontiac"
1382,"Volvo"
1384,"Renault"
1388,"Mercury"
1398,"Mercury"
1399,"Buick"
1402,"Honda"
1403,"Mazda"
1406,"Oldsmobile"
1407,"Bentley"
1411,"Mazda"
1414,"Chevrolet"
1419,"Buick"
1425,"Ford"
1431,"Oldsmobile"
1432,"Chevrolet"
1433,"Acura"
1436,"Isuzu"
1442,"Mitsubishi"
1444,"Mitsubishi"
1447,"Chevrolet"
1449,"Ford"
1451,"Chevrolet"
1452,"Mazda"
1453,"Kia"
1455,"Pontiac"
1456,"Land Rover"
1459,"Toyota"
1460,"GMC"
1464,"Dodge"
1472,"GMC"
1473,"Ford"
1477,"Subaru"
1478,"Buick"
1480,"Mazda"
1481,"GMC"
1487,"Dodge"
1490,"Mazda"
1495,"Mitsubishi"
1503,"Hyundai"
1504,"Mercury"
1505,"Dodge"
1508,"Honda"
1517,"Toyota"
1520,"Volkswagen"
1523,"Ford"
1527,"Lotus"
1528,"Nissan"
1536,"Dodge"
1538,"Toyota"
1542,"Buick"
1550,"Nissan"
1555,"Hyundai"
1559,"Mercedes-Benz"
1561,"GMC"
1562,"Chrysler"
1566,"Jeep"
1567,"Jaguar"
1569,"Suzuki"
1571,"Volkswagen"
1574,"Ford"
1576,"Lexus"
1577,"Chevrolet"
1578,"Mercedes-Benz"
1579,"Jaguar"
1582,"Dodge"
1587,"Chrysler"
1603,"Chrysler"
1611,"BMW"
1613,"Subaru"
1632,"Mercedes-Benz"
1634,"Audi"
1635,"Mercury"
1642,"Saturn"
1643,"Subaru"
1644,"Jeep"
1645,"Buick"
1648,"Chevrolet"
1649,"Toyota"
1651,"Lexus"
1652,"Toyota"
1659,"Cadillac"
1662,"Nissan"
1665,"Hyundai"
1669,"Chevrolet"
1672,"Isuzu"
1673,"Mercedes-Benz"
1675,"BMW"
1676,"Maserati"
1678,"Cadillac"
1680,"Dodge"
1682,"Land Rover"
1685,"Toyota"
1687,"Daihatsu"
1688,"Lexus"
1697,"Ford"
1699,"Mercedes-Benz"
1706,"Porsche"
1707,"GMC"
1715,"Chevrolet"
1727,"Lexus"
1728,"BMW"
1730,"Suzuki"
1733,"BMW"
1735,"Pontiac"
1736,"Pontiac"
1739,"Mazda"
1740,"Kia"
1741,"Ford"
1742,"Chevrolet"
1743,"Dodge"
1744,"Volkswagen"
1746,"Chevrolet"
1747,"Kia"
1748,"Ford"
1753,"Ford"
1757,"Volvo"
1764,"Suzuki"
1765,"Pontiac"
1767,"Chevrolet"
1778,"Land Rover"
1779,"BMW"
1781,"Nissan"
1785,"Mercedes-Benz"
1795,"Kia"
1799,"GMC"
1803,"Chevrolet"
1804,"Chevrolet"
1806,"Cadillac"
1819,"Ford"
1822,"Volvo"
1830,"Chevrolet"
1832,"Chevrolet"
1834,"Volvo"
1835,"Chevrolet"
1837,"Mazda"
1838,"Chevrolet"
1839,"Buick"
1840,"Lamborghini"
1841,"Chevrolet"
1843,"Nissan"
1845,"Subaru"
1854,"Pontiac"
1856,"BMW"
1857,"Chevrolet"
1862,"Aston Martin"
1865,"Acura"
1866,"Isuzu"
1869,"Nissan"
1875,"Jaguar"
1884,"Mazda"
1885,"BMW"
1889,"GMC"
1899,"Mercedes-Benz"
1900,"Chevrolet"
1902,"Suzuki"
1903,"Mitsubishi"
1905,"Ford"
1913,"Dodge"
1914,"Chevrolet"
1915,"Hyundai"
1917,"Volkswagen"
1920,"Pontiac"
1924,"Toyota"
1929,"Nissan"
1931,"Suzuki"
1935,"Mitsubishi"
1949,"Nissan"
1952,"Infiniti"
1961,"Toyota"
1962,"Maserati"
1965,"BMW"
1972,"BMW"
1975,"Toyota"
1976,"Porsche"
1980,"Mazda"
1988,"Morgan"
1990,"Subaru"
1993,"Mercedes-Benz"
2000,"Land Rover"
9,"Saturn"
10,"Lexus"
12,"Audi"
17,"Mercedes-Benz"
19,"Volkswagen"
22,"Toyota"
26,"Chevrolet"
28,"Ford"
31,"Mercedes-Benz"
32,"Ford"
39,"Volvo"
42,"GMC"
43,"Kia"
52,"Mercedes-Benz"
58,"Pontiac"
66,"Chrysler"
67,"Infiniti"
69,"Chevrolet"
70,"Audi"
83,"Chevrolet"
86,"BMW"
90,"Nissan"
91,"Toyota"
92,"Mercedes-Benz"
94,"Volkswagen"
95,"Lexus"
98,"Mercedes-Benz"
99,"Honda"
104,"Buick"
110,"Lexus"
115,"Mazda"
116,"Ford"
118,"Chrysler"
125,"Honda"
127,"Toyota"
130,"Ford"
136,"GMC"
139,"Nissan"
150,"Isuzu"
151,"Mercedes-Benz"
156,"GMC"
161,"Mercedes-Benz"
162,"Hyundai"
166,"Suzuki"
171,"Kia"
176,"Lexus"
177,"Scion"
178,"Suzuki"
180,"Kia"
183,"GMC"
187,"Dodge"
188,"Acura"
189,"Chevrolet"
190,"Kia"
192,"Mitsubishi"
197,"Ford"
198,"Chrysler"
199,"Ford"
202,"Honda"
204,"Mitsubishi"
208,"Buick"
211,"Maybach"
216,"Mazda"
217,"Mercedes-Benz"
220,"Dodge"
225,"Lexus"
227,"Ford"
234,"Buick"
238,"BMW"
240,"Mazda"
242,"Lexus"
246,"GMC"
247,"BMW"
250,"Chrysler"
260,"Acura"
264,"Kia"
265,"Mitsubishi"
271,"Buick"
273,"Geo"
276,"Land Rover"
283,"Ford"
285,"Volvo"
293,"Land Rover"
295,"Volvo"
296,"Aston Martin"
300,"Audi"
308,"Buick"
311,"GMC"
312,"Lincoln"
321,"Maserati"
329,"Chevrolet"
345,"Mercedes-Benz"
352,"Ford"
354,"Volkswagen"
359,"Nissan"
362,"Volvo"
366,"Lexus"
369,"Mitsubishi"
372,"GMC"
375,"Audi"
376,"Toyota"
377,"Jeep"
381,"Maserati"
384,"Volvo"
387,"Pontiac"
390,"Ford"
391,"Ford"
398,"Mitsubishi"
402,"Chevrolet"
403,"Lotus"
404,"BMW"
408,"Subaru"
409,"Land Rover"
410,"Acura"
411,"Lotus"
418,"Hyundai"
419,"Ford"
422,"Chevrolet"
428,"Subaru"
440,"Porsche"
445,"Bentley"
447,"Mercedes-Benz"
453,"Chevrolet"
467,"Mitsubishi"
468,"Lincoln"
470,"Lexus"
471,"Mercury"
472,"Hyundai"
474,"Nissan"
477,"Mercedes-Benz"
478,"Saab"
479,"Mazda"
490,"Mercedes-Benz"
494,"Maybach"
514,"Pontiac"
518,"Mitsubishi"
520,"GMC"
522,"Mazda"
526,"Toyota"
533,"Kia"
535,"Ford"
538,"Volkswagen"
547,"Chevrolet"
554,"Chevrolet"
557,"Bentley"
560,"Mitsubishi"
567,"Jeep"
569,"Kia"
580,"Buick"
590,"Volkswagen"
606,"Buick"
613,"Ford"
621,"Land Rover"
624,"Plymouth"
628,"Lincoln"
629,"Pontiac"
630,"Volkswagen"
634,"Suzuki"
637,"Jeep"
639,"Lexus"
642,"GMC"
645,"Toyota"
647,"Ford"
651,"Mercury"
652,"Maybach"
654,"Nissan"
660,"Saab"
662,"Buick"
663,"Infiniti"
664,"Volvo"
672,"GMC"
674,"Nissan"
681,"Toyota"
687,"Dodge"
692,"Subaru"
694,"Pontiac"
696,"Mitsubishi"
697,"Land Rover"
701,"Mazda"
704,"Toyota"
706,"Ford"
722,"Honda"
727,"Mitsubishi"
733,"Mercedes-Benz"
735,"Honda"
738,"BMW"
750,"Buick"
757,"Buick"
759,"Mazda"
772,"Chrysler"
774,"Saab"
775,"Ford"
782,"Land Rover"
784,"Mercedes-Benz"
789,"Mitsubishi"
796,"Ford"
798,"Jeep"
799,"Volkswagen"
802,"GMC"
804,"Ferrari"
809,"Lexus"
822,"Hyundai"
828,"Chrysler"
835,"Ford"
836,"Nissan"
837,"Nissan"
842,"Bentley"
845,"Chevrolet"
852,"Mitsubishi"
853,"Ford"
854,"Mercedes-Benz"
856,"Mazda"
859,"Toyota"
862,"Infiniti"
867,"Mercedes-Benz"
870,"Pontiac"
882,"Kia"
1101,"Mercedes-Benz"
1103,"Mercedes-Benz"
1107,"Ford"
1108,"Saab"
1123,"Ford"
1125,"Infiniti"
1127,"Land Rover"
1136,"Land Rover"
1146,"Mercury"
1158,"Lotus"
1162,"Chevrolet"
1165,"Subaru"
1169,"Nissan"
1171,"GMC"
1176,"Pontiac"
1183,"Dodge"
1187,"Ford"
1189,"Volkswagen"
1190,"Chrysler"
1200,"Lexus"
1204,"Nissan"
1208,"Dodge"
1217,"Maserati"
1218,"Nissan"
1219,"Audi"
1221,"Toyota"
1222,"Dodge"
1224,"Mazda"
1225,"Toyota"
1235,"Lincoln"
1239,"Corbin"
1245,"Suzuki"
1249,"Dodge"
1255,"Jeep"
1256,"Mercedes-Benz"
1257,"Honda"
1258,"GMC"
1260,"Honda"
1264,"Ford"
1267,"Lexus"
1269,"Maserati"
1270,"Chevrolet"
1272,"Pontiac"
1277,"Lotus"
1280,"Buick"
1282,"Kia"
1293,"Pontiac"
1295,"Toyota"
1297,"GMC"
1309,"Geo"
1312,"Ford"
1322,"Ford"
1324,"BMW"
1325,"Mitsubishi"
1330,"Bentley"
891,"Mercury"
894,"Ford"
903,"Volvo"
909,"Lotus"
911,"Mitsubishi"
914,"Ford"
915,"Ford"
928,"Volvo"
929,"Volkswagen"
932,"GMC"
933,"Subaru"
934,"Suzuki"
939,"Dodge"
953,"Ford"
954,"BMW"
961,"Chrysler"
962,"Isuzu"
963,"Buick"
966,"Pontiac"
972,"Toyota"
975,"Pontiac"
978,"Pontiac"
982,"Lotus"
987,"Buick"
989,"Mercedes-Benz"
994,"GMC"
1004,"Hyundai"
1007,"Cadillac"
1017,"Mercedes-Benz"
1019,"GMC"
1020,"GMC"
1022,"Nissan"
1025,"Maserati"
1029,"Plymouth"
1031,"Toyota"
1037,"Volvo"
1039,"Saab"
1041,"Ford"
1044,"Lexus"
1053,"Toyota"
1057,"Infiniti"
1058,"Cadillac"
1059,"MINI"
1060,"Lexus"
1064,"Isuzu"
1067,"Chevrolet"
1075,"Ford"
1079,"Hyundai"
1080,"Tesla"
1082,"Maserati"
1085,"Dodge"
1086,"Chevrolet"
1094,"Isuzu"
1096,"Volvo"
1099,"Hummer"
1343,"Chevrolet"
1344,"Volkswagen"
1349,"Ford"
1352,"Mercedes-Benz"
1354,"Nissan"
1355,"Chevrolet"
1357,"Kia"
1359,"Mercury"
1362,"Lincoln"
1363,"Kia"
1373,"Land Rover"
1374,"Acura"
1381,"Ford"
1396,"Pontiac"
1405,"Lexus"
1409,"Dodge"
1410,"Mercedes-Benz"
1413,"GMC"
1417,"Ford"
1424,"Volvo"
1427,"Kia"
1428,"Ford"
1448,"Nissan"
1450,"Honda"
1454,"Lincoln"
1462,"Mitsubishi"
1467,"Subaru"
1470,"Kia"
1474,"Volkswagen"
1475,"Chevrolet"
1479,"Acura"
1482,"Jaguar"
1483,"Audi"
1484,"Jeep"
1486,"Hyundai"
1493,"Lexus"
1494,"Chevrolet"
1500,"GMC"
1514,"Mercedes-Benz"
1516,"Smart"
1522,"GMC"
1530,"Cadillac"
1532,"Lincoln"
1543,"Audi"
1548,"Mitsubishi"
1553,"Infiniti"
1557,"BMW"
1558,"Chevrolet"
1563,"Lexus"
1564,"Chevrolet"
1565,"Toyota"
1568,"Land Rover"
1572,"Chevrolet"
1573,"Nissan"
1580,"Volkswagen"
1588,"Volvo"
1589,"Land Rover"
1592,"Buick"
1594,"Mazda"
1595,"Toyota"
1599,"Toyota"
1602,"Ford"
1608,"Mercedes-Benz"
1610,"Land Rover"
1612,"Mercedes-Benz"
1618,"Lamborghini"
1619,"Volkswagen"
1620,"Mitsubishi"
1625,"Volkswagen"
1626,"Mazda"
1630,"Chevrolet"
1646,"Scion"
1647,"Plymouth"
1650,"Ford"
1654,"Mercedes-Benz"
1657,"Mercedes-Benz"
1658,"Mercedes-Benz"
1661,"Subaru"
1666,"Toyota"
1667,"Dodge"
1668,"Lotus"
1679,"Ferrari"
1681,"Lexus"
1683,"Mitsubishi"
1684,"Mazda"
1686,"Mercury"
1691,"Mitsubishi"
1705,"Subaru"
1708,"Toyota"
1710,"Volkswagen"
1713,"Dodge"
1716,"Hyundai"
1717,"Dodge"
1721,"Hyundai"
1724,"Porsche"
1726,"Hyundai"
1729,"Infiniti"
1732,"Audi"
1737,"Jeep"
1751,"Chevrolet"
1752,"Chrysler"
1754,"Suzuki"
1758,"Chevrolet"
1760,"Chrysler"
1766,"Mazda"
1772,"Acura"
1775,"Hyundai"
1780,"Plymouth"
1783,"Audi"
1789,"Mazda"
1790,"Honda"
1794,"Mercury"
1797,"Volvo"
1801,"Hyundai"
1805,"BMW"
1807,"Pontiac"
1811,"Saturn"
1815,"Mazda"
1823,"Ford"
1824,"Ford"
1826,"Saab"
1827,"GMC"
1829,"Nissan"
1833,"Kia"
1842,"Toyota"
1844,"Honda"
1848,"Subaru"
1849,"Hyundai"
1852,"Acura"
1855,"GMC"
1858,"Mazda"
1861,"Land Rover"
1864,"Lexus"
1870,"GMC"
1872,"Lincoln"
1873,"Toyota"
1874,"Chrysler"
1877,"Dodge"
1882,"Scion"
1883,"Volkswagen"
1890,"Toyota"
1894,"Toyota"
1896,"Buick"
1901,"Chevrolet"
1904,"Chevrolet"
1907,"Volvo"
1908,"Kia"
1911,"Chrysler"
1921,"Bentley"
1925,"Mercedes-Benz"
1933,"Chevrolet"
1934,"Eagle"
1938,"BMW"
1940,"Jaguar"
1941,"Nissan"
1943,"Cadillac"
1955,"Volvo"
1959,"BMW"
1960,"Infiniti"
1967,"Chevrolet"
1973,"Ford"
1974,"Isuzu"
1983,"Honda"
1984,"GMC"
1987,"Hyundai"
1989,"Aston Martin"
1991,"GMC"
2,"Lincoln"
5,"Mitsubishi"
8,"Mercury"
18,"Mercedes-Benz"
20,"Mazda"
21,"Toyota"
23,"Subaru"
24,"Cadillac"
33,"Hummer"
36,"Cadillac"
41,"Pontiac"
44,"Buick"
48,"BMW"
51,"Volkswagen"
56,"Lotus"
65,"Subaru"
68,"Audi"
72,"Bentley"
73,"Saab"
77,"Audi"
78,"Hyundai"
85,"Honda"
89,"GMC"
93,"Nissan"
100,"Ford"
102,"Suzuki"
103,"Ford"
105,"Aston Martin"
107,"Chevrolet"
109,"Oldsmobile"
112,"Volkswagen"
113,"BMW"
117,"Mazda"
119,"Hyundai"
122,"Nissan"
123,"Toyota"
124,"Plymouth"
126,"Aston Martin"
128,"Ford"
134,"Mitsubishi"
137,"Pontiac"
140,"Acura"
141,"Audi"
143,"MINI"
147,"Dodge"
154,"Mazda"
163,"Acura"
167,"Land Rover"
168,"Geo"
181,"Chevrolet"
182,"Buick"
191,"Ford"
195,"Pontiac"
203,"BMW"
206,"Nissan"
207,"Buick"
210,"Mercury"
213,"Pontiac"
219,"Honda"
224,"Ford"
228,"Suzuki"
230,"GMC"
235,"Ford"
236,"Mitsubishi"
239,"GMC"
243,"Chevrolet"
244,"Honda"
249,"Ford"
253,"Infiniti"
255,"Volkswagen"
258,"Volkswagen"
261,"Ford"
278,"Mazda"
284,"GMC"
289,"Volvo"
291,"Oldsmobile"
292,"BMW"
298,"Mitsubishi"
313,"Maserati"
315,"Audi"
316,"Honda"
317,"Volvo"
318,"Dodge"
320,"BMW"
322,"Jeep"
323,"Bentley"
324,"Lincoln"
327,"Geo"
330,"Suzuki"
335,"Lexus"
336,"Lexus"
339,"Kia"
340,"Acura"
342,"Maserati"
344,"Subaru"
355,"Dodge"
356,"Maserati"
358,"Honda"
363,"Volkswagen"
379,"Pontiac"
382,"Toyota"
383,"Buick"
392,"Chevrolet"
393,"Acura"
394,"Ford"
395,"Ford"
397,"Volvo"
399,"Dodge"
405,"Mercedes-Benz"
406,"Suzuki"
414,"Ford"
417,"BMW"
435,"Hyundai"
436,"Mercury"
439,"Bentley"
444,"BMW"
446,"Audi"
448,"Chevrolet"
449,"Subaru"
450,"Isuzu"
457,"Suzuki"
459,"Ford"
465,"Pontiac"
469,"Lexus"
475,"Kia"
482,"Hyundai"
483,"Ford"
484,"Audi"
485,"Pontiac"
487,"Oldsmobile"
491,"Plymouth"
495,"Lincoln"
500,"Honda"
501,"GMC"
502,"Saab"
510,"Infiniti"
511,"Honda"
512,"Mitsubishi"
517,"Mercury"
519,"Pontiac"
523,"Scion"
524,"Mercedes-Benz"
527,"Toyota"
530,"Maserati"
537,"BMW"
544,"Mitsubishi"
545,"Maserati"
546,"Volkswagen"
555,"Ford"
561,"Pontiac"
566,"Chrysler"
570,"Mercury"
573,"Jaguar"
575,"Toyota"
576,"Lexus"
577,"Mercury"
588,"Mercedes-Benz"
589,"Hyundai"
593,"Ram"
595,"Lincoln"
598,"Plymouth"
600,"Chevrolet"
603,"Audi"
609,"Audi"
610,"Toyota"
615,"Nissan"
616,"Volkswagen"
617,"Saturn"
622,"GMC"
625,"Honda"
636,"Infiniti"
646,"Mitsubishi"
661,"Isuzu"
668,"Ford"
671,"Dodge"
675,"Mazda"
676,"Chevrolet"
677,"Chevrolet"
679,"GMC"
680,"BMW"
682,"Ford"
686,"Audi"
688,"GMC"
689,"BMW"
691,"Plymouth"
702,"Lincoln"
703,"Suzuki"
708,"Mercedes-Benz"
718,"Plymouth"
720,"Mercury"
723,"Chrysler"
725,"Chevrolet"
730,"Infiniti"
731,"Mazda"
740,"GMC"
744,"Infiniti"
749,"BMW"
752,"Mazda"
753,"Ford"
763,"Chrysler"
764,"BMW"
765,"Dodge"
773,"Oldsmobile"
776,"Oldsmobile"
777,"Pontiac"
779,"GMC"
786,"Pontiac"
790,"Volkswagen"
792,"Jeep"
797,"Hyundai"
800,"Lincoln"
805,"Maserati"
806,"Isuzu"
807,"Suzuki"
812,"Toyota"
815,"Dodge"
816,"Ford"
817,"Ford"
821,"Ford"
823,"Chevrolet"
825,"Plymouth"
833,"Toyota"
839,"Suzuki"
840,"Cadillac"
843,"Suzuki"
846,"Chevrolet"
855,"Chrysler"
857,"Infiniti"
858,"Jaguar"
861,"GMC"
876,"Plymouth"
877,"Volvo"
878,"Ford"
880,"Chevrolet"
886,"Mitsubishi"
1102,"Ford"
1104,"Cadillac"
1109,"Toyota"
1111,"Chevrolet"
1113,"Honda"
1115,"Pontiac"
1119,"GMC"
1126,"Nissan"
1135,"Dodge"
1137,"Cadillac"
1138,"BMW"
1139,"Toyota"
1140,"Geo"
1141,"Acura"
1144,"Dodge"
1150,"Chevrolet"
1159,"Lexus"
1160,"Ferrari"
1166,"Ford"
1177,"Saab"
1184,"Acura"
1185,"Maybach"
1192,"Chevrolet"
1194,"Mercury"
1197,"Maserati"
1198,"Dodge"
1210,"Dodge"
1214,"Mercedes-Benz"
1227,"Mazda"
1232,"Audi"
1233,"Mitsubishi"
1234,"Mitsubishi"
1241,"Mercedes-Benz"
1242,"Mazda"
1246,"Ferrari"
1247,"Jaguar"
1248,"Isuzu"
1253,"Bentley"
1259,"Mercury"
1261,"Subaru"
1262,"Suzuki"
1273,"Acura"
1279,"Mazda"
1283,"Toyota"
1284,"Chevrolet"
1285,"Cadillac"
1288,"Subaru"
1290,"Dodge"
1292,"BMW"
1294,"Dodge"
1296,"Subaru"
1300,"Toyota"
1301,"Ford"
1302,"Volvo"
1304,"Audi"
1307,"Jaguar"
1308,"Austin"
1313,"Hyundai"
1318,"Subaru"
1319,"Mazda"
1328,"Aston Martin"
1329,"Honda"
887,"Chevrolet"
890,"Toyota"
893,"Ford"
896,"Chevrolet"
900,"Bentley"
901,"Chevrolet"
904,"Dodge"
905,"Cadillac"
906,"Pontiac"
912,"Ford"
917,"Volkswagen"
918,"Mitsubishi"
920,"Porsche"
921,"Chevrolet"
922,"Mercedes-Benz"
923,"Mitsubishi"
930,"Ford"
936,"Ford"
941,"Pontiac"
945,"Infiniti"
946,"Porsche"
949,"Kia"
951,"Ford"
956,"BMW"
960,"Lincoln"
964,"Austin"
965,"Ford"
968,"Mazda"
976,"Mitsubishi"
979,"Hummer"
980,"Honda"
983,"Mitsubishi"
988,"Subaru"
992,"Bentley"
999,"Mazda"
1001,"Nissan"
1002,"Nissan"
1005,"Studebaker"
1008,"Mitsubishi"
1009,"BMW"
1010,"Chevrolet"
1011,"Audi"
1015,"Jeep"
1018,"Mercedes-Benz"
1023,"Lotus"
1024,"Ford"
1026,"Audi"
1043,"Toyota"
1046,"Ford"
1050,"Subaru"
1055,"Hyundai"
1056,"Chevrolet"
1061,"Hyundai"
1063,"Nissan"
1070,"Chevrolet"
1071,"Ford"
1072,"Cadillac"
1076,"Dodge"
1090,"Chevrolet"
1092,"Pontiac"
1093,"BMW"
1098,"Subaru"
1331,"Lincoln"
1333,"Toyota"
1334,"Toyota"
1350,"Isuzu"
1351,"Subaru"
1365,"Dodge"
1367,"Chevrolet"
1370,"Kia"
1371,"Mitsubishi"
1375,"BMW"
1385,"Chevrolet"
1386,"Chevrolet"
1389,"Lincoln"
1391,"Chrysler"
1392,"Pontiac"
1397,"Plymouth"
1400,"Mercedes-Benz"
1401,"Jeep"
1408,"BMW"
1415,"Chevrolet"
1418,"Toyota"
1420,"Mercedes-Benz"
1422,"Ferrari"
1426,"Mercedes-Benz"
1429,"Lexus"
1437,"Lexus"
1438,"Geo"
1439,"Ford"
1441,"Kia"
1457,"Honda"
1466,"Chevrolet"
1469,"Cadillac"
1471,"Mazda"
1476,"Isuzu"
1492,"Volvo"
1497,"Mercedes-Benz"
1499,"Ford"
1506,"Porsche"
1507,"Mitsubishi"
1509,"Infiniti"
1521,"Kia"
1525,"Lexus"
1526,"GMC"
1533,"BMW"
1537,"Mazda"
1539,"BMW"
1541,"Honda"
1544,"GMC"
1549,"Bentley"
1556,"Chevrolet"
1570,"Dodge"
1581,"Mercedes-Benz"
1584,"Porsche"
1585,"Scion"
1586,"Maserati"
1590,"Suzuki"
1591,"GMC"
1604,"Volkswagen"
1609,"Porsche"
1615,"Land Rover"
1623,"Lexus"
1624,"Buick"
1627,"Chevrolet"
1628,"Mitsubishi"
1631,"BMW"
1636,"Pontiac"
1641,"Chevrolet"
1653,"Volvo"
1656,"Acura"
1660,"BMW"
1663,"Chevrolet"
1692,"GMC"
1693,"Ford"
1694,"Chevrolet"
1696,"Hyundai"
1698,"GMC"
1701,"Isuzu"
1709,"Volkswagen"
1714,"Mercedes-Benz"
1720,"Toyota"
1722,"Audi"
1723,"Volkswagen"
1731,"Nissan"
1734,"Dodge"
1749,"Volkswagen"
1755,"Chevrolet"
1759,"Saab"
1761,"Chevrolet"
1763,"Lamborghini"
1768,"Jaguar"
1770,"Suzuki"
1771,"Volvo"
1774,"Nissan"
1776,"Porsche"
1784,"Toyota"
1786,"Mercury"
1788,"Jeep"
1791,"Jaguar"
1798,"Ford"
1808,"Hyundai"
1813,"Chevrolet"
1814,"Mitsubishi"
1820,"Volvo"
1821,"Mitsubishi"
1828,"Ford"
1831,"Mazda"
1847,"Hyundai"
1851,"Pontiac"
1863,"Buick"
1867,"Volvo"
1879,"Lotus"
1881,"GMC"
1897,"Mercedes-Benz"
1906,"Ford"
1916,"Jeep"
1922,"Mercedes-Benz"
1923,"Lexus"
1936,"Dodge"
1937,"Volkswagen"
1939,"Volvo"
1942,"Toyota"
1944,"Audi"
1946,"Volvo"
1947,"Audi"
1948,"Toyota"
1950,"Honda"
1951,"Chevrolet"
1953,"Cadillac"
1954,"Cadillac"
1956,"Nissan"
1957,"Lexus"
1964,"Mitsubishi"
1968,"Audi"
1969,"Lexus"
1971,"GMC"
1982,"Honda"
1986,"Chevrolet"
1992,"Volvo"
1994,"GMC"
1995,"Subaru"
1997,"Mitsubishi"
1998,"Honda"
1,"Honda"
3,"Audi"
4,"Alfa Romeo"
7,"Volvo"
14,"Ford"
15,"Dodge"
16,"Jeep"
25,"Dodge"
29,"Bentley"
35,"Chevrolet"
37,"Saab"
38,"Mazda"
45,"Toyota"
47,"Volvo"
49,"Subaru"
57,"Mitsubishi"
59,"Mazda"
60,"Jeep"
62,"Jaguar"
63,"Land Rover"
64,"Aston Martin"
71,"Mercedes-Benz"
75,"Porsche"
82,"Mercedes-Benz"
84,"Volvo"
87,"Chrysler"
96,"Scion"
101,"Dodge"
106,"Chevrolet"
114,"Chevrolet"
120,"Oldsmobile"
121,"Ford"
138,"Infiniti"
142,"Infiniti"
144,"Maybach"
145,"Buick"
149,"Mazda"
158,"Ford"
159,"Infiniti"
160,"Toyota"
164,"Mazda"
169,"Aston Martin"
170,"Subaru"
175,"BMW"
185,"Plymouth"
201,"Chevrolet"
209,"Chevrolet"
212,"Plymouth"
221,"Chevrolet"
223,"Mazda"
226,"Jeep"
229,"Buick"
231,"Mercedes-Benz"
232,"Mercury"
248,"Porsche"
254,"Oldsmobile"
256,"Subaru"
257,"BMW"
266,"BMW"
268,"Mercedes-Benz"
269,"Mitsubishi"
270,"Kia"
272,"Alfa Romeo"
274,"Volkswagen"
279,"Volvo"
280,"Volkswagen"
282,"GMC"
286,"Oldsmobile"
287,"Chevrolet"
290,"Infiniti"
301,"Buick"
302,"Lexus"
304,"Chevrolet"
305,"Mercedes-Benz"
307,"Lamborghini"
309,"Ford"
314,"Jeep"
319,"Volkswagen"
328,"Pontiac"
331,"Volkswagen"
333,"Mazda"
334,"Oldsmobile"
337,"Lexus"
346,"Chevrolet"
351,"Ford"
353,"Toyota"
357,"Ford"
364,"Nissan"
367,"Ford"
371,"Pontiac"
374,"Chevrolet"
378,"Mercedes-Benz"
388,"Ford"
389,"Pontiac"
407,"Volkswagen"
415,"Dodge"
416,"Plymouth"
421,"Audi"
424,"Lexus"
426,"Honda"
432,"Cadillac"
433,"Mitsubishi"
434,"Scion"
437,"Jaguar"
442,"Lotus"
451,"Ford"
456,"Lexus"
460,"Toyota"
462,"Volvo"
463,"Buick"
466,"GMC"
473,"Suzuki"
476,"Lexus"
480,"Aston Martin"
486,"Lincoln"
489,"Ford"
492,"Mercedes-Benz"
496,"Mercedes-Benz"
498,"Ford"
507,"Chrysler"
508,"Mercedes-Benz"
521,"Volkswagen"
528,"Toyota"
529,"Land Rover"
532,"Lincoln"
539,"Land Rover"
540,"Chevrolet"
541,"Chrysler"
542,"Land Rover"
543,"Chevrolet"
548,"Volkswagen"
550,"Dodge"
552,"Chevrolet"
556,"Mercury"
559,"BMW"
562,"Plymouth"
563,"Ford"
565,"Lincoln"
572,"Infiniti"
574,"Eagle"
582,"GMC"
584,"Toyota"
587,"Subaru"
592,"Mazda"
594,"Toyota"
601,"Land Rover"
604,"Ford"
605,"Ford"
608,"Mazda"
614,"Toyota"
620,"Honda"
623,"Buick"
626,"Saab"
631,"Chrysler"
632,"Ford"
635,"Cadillac"
640,"Mitsubishi"
641,"Audi"
644,"Cadillac"
648,"Ford"
649,"Toyota"
650,"Acura"
655,"Suzuki"
656,"Scion"
657,"Ford"
658,"Mitsubishi"
659,"Isuzu"
669,"Chevrolet"
670,"Toyota"
673,"Kia"
678,"Ford"
685,"Mercedes-Benz"
690,"Buick"
693,"Mazda"
695,"Mercedes-Benz"
698,"Honda"
699,"Hyundai"
709,"Chevrolet"
711,"Daewoo"
716,"Lexus"
721,"Scion"
729,"Maserati"
732,"Pontiac"
736,"Nissan"
737,"Audi"
739,"Mazda"
742,"Volvo"
747,"Bentley"
748,"Volkswagen"
751,"Chevrolet"
756,"Ford"
758,"Maserati"
760,"Chevrolet"
766,"Infiniti"
767,"Chevrolet"
769,"BMW"
770,"Chevrolet"
771,"Porsche"
778,"Volkswagen"
780,"Toyota"
783,"GMC"
785,"Buick"
787,"Lexus"
788,"Toyota"
791,"Cadillac"
793,"Chevrolet"
794,"Mitsubishi"
803,"Hyundai"
811,"Chevrolet"
818,"Volvo"
819,"Subaru"
820,"Dodge"
827,"Mercedes-Benz"
830,"GMC"
832,"Mitsubishi"
834,"Volkswagen"
844,"Lincoln"
850,"Hyundai"
851,"BMW"
860,"Lincoln"
863,"Toyota"
869,"Mercury"
881,"Audi"
883,"Chevrolet"
884,"Lamborghini"
885,"Rolls-Royce"
1105,"Honda"
1106,"Mazda"
1110,"Mercedes-Benz"
1114,"GMC"
1116,"Lotus"
1117,"Lincoln"
1118,"Mazda"
1121,"Cadillac"
1122,"Cadillac"
1124,"Mazda"
1130,"Toyota"
1132,"Chevrolet"
1133,"Dodge"
1142,"Ford"
1143,"Ford"
1147,"Austin"
1149,"Plymouth"
1152,"Pontiac"
1154,"Rolls-Royce"
1156,"Chevrolet"
1157,"Toyota"
1163,"Buick"
1167,"Land Rover"
1168,"Geo"
1170,"Mazda"
1173,"Ford"
1174,"Toyota"
1178,"Volkswagen"
1179,"Lexus"
1180,"Audi"
1181,"Volvo"
1182,"Suzuki"
1186,"Kia"
1193,"Pontiac"
1196,"Bentley"
1201,"BMW"
1205,"Hyundai"
1206,"Land Rover"
1207,"Suzuki"
1211,"Plymouth"
1215,"Mitsubishi"
1228,"Chevrolet"
1229,"Audi"
1236,"Chrysler"
1238,"Oldsmobile"
1244,"Subaru"
1265,"Suzuki"
1268,"Suzuki"
1274,"Dodge"
1276,"Suzuki"
1281,"GMC"
1286,"Porsche"
1287,"Mazda"
1289,"Honda"
1291,"Toyota"
1303,"MINI"
1305,"Ford"
1314,"Mitsubishi"
1316,"Subaru"
1323,"Chevrolet"
1326,"Jeep"
1327,"Ford"
888,"Mitsubishi"
892,"Ford"
895,"Ford"
897,"Chevrolet"
899,"Mitsubishi"
908,"Jaguar"
919,"Chevrolet"
931,"Volkswagen"
940,"Subaru"
942,"Spyker"
943,"Nissan"
944,"Pontiac"
950,"Lexus"
955,"Subaru"
957,"Saturn"
958,"Cadillac"
969,"Aptera"
973,"Dodge"
974,"Kia"
984,"Bentley"
985,"Plymouth"
986,"Mercury"
991,"Toyota"
993,"Pontiac"
996,"Subaru"
1000,"Ford"
1003,"Chevrolet"
1016,"Ford"
1021,"Mercedes-Benz"
1030,"Hyundai"
1035,"Dodge"
1036,"Nissan"
1038,"Dodge"
1042,"Mitsubishi"
1045,"Lotus"
1048,"Chevrolet"
1049,"Volkswagen"
1051,"Lexus"
1052,"Hyundai"
1054,"Mazda"
1073,"Saab"
1078,"Cadillac"
1087,"GMC"
1088,"Land Rover"
1089,"Infiniti"
1097,"Volvo"
1100,"Isuzu"
1332,"Ford"
1335,"Chevrolet"
1338,"Subaru"
1339,"Jeep"
1340,"Chrysler"
1341,"Ferrari"
1347,"Ford"
1348,"Pontiac"
1353,"Plymouth"
1358,"Infiniti"
1360,"Mazda"
1361,"Citroën"
1364,"Nissan"
1366,"Honda"
1372,"Cadillac"
1376,"Lamborghini"
1377,"Acura"
1378,"Dodge"
1379,"Chevrolet"
1380,"Acura"
1383,"Cadillac"
1387,"Chevrolet"
1390,"Buick"
1393,"Porsche"
1394,"Volvo"
1395,"GMC"
1404,"Pontiac"
1412,"Audi"
1416,"Lexus"
1421,"BMW"
1423,"GMC"
1430,"Jeep"
1434,"Volkswagen"
1435,"Chevrolet"
1440,"Toyota"
1443,"Hyundai"
1445,"Buick"
1446,"Volkswagen"
1458,"Buick"
1461,"Dodge"
1463,"Suzuki"
1465,"Dodge"
1468,"Isuzu"
1485,"Dodge"
1488,"Chevrolet"
1489,"Mazda"
1491,"Porsche"
1496,"Toyota"
1498,"Austin"
1501,"Toyota"
1502,"Pontiac"
1510,"Chevrolet"
1511,"Buick"
1512,"Mazda"
1513,"Oldsmobile"
1515,"Bentley"
1518,"Volkswagen"
1519,"Volkswagen"
1524,"Dodge"
1529,"Isuzu"
1531,"Ford"
1534,"Mercury"
1535,"Buick"
1540,"GMC"
1545,"Toyota"
1546,"Porsche"
1547,"BMW"
1551,"Land Rover"
1552,"Volkswagen"
1554,"Lamborghini"
1560,"Kia"
1575,"Honda"
1583,"Buick"
1593,"Acura"
1596,"Geo"
1597,"Subaru"
1598,"Aston Martin"
1600,"Volvo"
1601,"Aston Martin"
1605,"GMC"
1606,"Dodge"
1607,"Jaguar"
1614,"GMC"
1616,"Chevrolet"
1617,"Pontiac"
1621,"Subaru"
1622,"Toyota"
1629,"Cadillac"
1633,"Suzuki"
1637,"Acura"
1638,"Pontiac"
1639,"Ford"
1640,"Chevrolet"
1655,"Dodge"
1664,"Lexus"
1670,"Hyundai"
1671,"Nissan"
1674,"Ford"
1677,"Chevrolet"
1689,"Hummer"
1690,"Ford"
1695,"Honda"
1700,"Audi"
1702,"Toyota"
1703,"Audi"
1704,"Hyundai"
1711,"Chrysler"
1712,"Morgan"
1718,"Honda"
1719,"GMC"
1725,"Saturn"
1738,"MINI"
1745,"GMC"
1750,"Porsche"
1756,"Mazda"
1762,"Bentley"
1769,"Chrysler"
1773,"Toyota"
1777,"Volvo"
1782,"Buick"
1787,"GMC"
1792,"Honda"
1793,"Subaru"
1796,"Chevrolet"
1800,"GMC"
1802,"Jeep"
1809,"Isuzu"
1810,"Hyundai"
1812,"Volkswagen"
1816,"Audi"
1817,"Acura"
1818,"Audi"
1825,"Chevrolet"
1836,"Dodge"
1846,"Plymouth"
1850,"Pontiac"
1853,"Dodge"
1859,"Suzuki"
1860,"Ford"
1868,"Ford"
1871,"Saab"
1876,"Saab"
1878,"Toyota"
1880,"Dodge"
1886,"Lincoln"
1887,"MINI"
1888,"Ferrari"
1891,"Nissan"
1892,"Volkswagen"
1893,"Pontiac"
1895,"GMC"
1898,"Subaru"
1909,"Maserati"
1910,"Audi"
1912,"Oldsmobile"
1918,"Audi"
1919,"GMC"
1926,"Cadillac"
1927,"Chevrolet"
1928,"Ford"
1930,"Toyota"
1932,"GMC"
1945,"Volkswagen"
1958,"Honda"
1963,"Maserati"
1966,"Honda"
1970,"Buick"
1977,"Ford"
1978,"Mitsubishi"
1979,"Ford"
1981,"Chevrolet"
1985,"Mitsubishi"
1996,"Cadillac"
1999,"Chevrolet"
6,"Volvo"
11,"Lincoln"
13,"Cadillac"
27,"Suzuki"
30,"Mazda"
34,"Mercedes-Benz"
40,"GMC"
46,"Mercedes-Benz"
50,"Isuzu"
53,"Chevrolet"
54,"Suzuki"
55,"Alfa Romeo"
61,"Lexus"
74,"Spyker"
76,"Cadillac"
79,"Chevrolet"
80,"Buick"
81,"Subaru"
88,"Scion"
97,"Mazda"
108,"Ford"
111,"Acura"
129,"Mazda"
131,"Chevrolet"
132,"Subaru"
133,"Subaru"
135,"Acura"
146,"Toyota"
148,"Toyota"
152,"Dodge"
153,"Audi"
155,"Cadillac"
157,"Ford"
165,"BMW"
172,"Mercury"
173,"Dodge"
174,"Acura"
179,"Chevrolet"
184,"Ford"
186,"Toyota"
193,"Buick"
194,"Mitsubishi"
196,"Toyota"
200,"Mazda"
205,"Volkswagen"
214,"Jeep"
215,"Chrysler"
218,"Ford"
222,"GMC"
233,"Lexus"
237,"Maybach"
241,"Dodge"
245,"Volvo"
251,"Mercedes-Benz"
252,"Porsche"
259,"Dodge"
262,"Chrysler"
263,"Volkswagen"
267,"Maserati"
275,"Dodge"
277,"Toyota"
281,"Mercury"
288,"Lamborghini"
294,"Volvo"
297,"Ford"
299,"Cadillac"
303,"Toyota"
306,"Suzuki"
310,"Audi"
325,"Audi"
326,"Saab"
332,"Ford"
338,"Cadillac"
341,"Suzuki"
343,"Pontiac"
347,"Toyota"
348,"GMC"
349,"Eagle"
350,"Mazda"
360,"Mazda"
361,"Oldsmobile"
365,"Ford"
368,"Mazda"
370,"Chevrolet"
373,"Dodge"
380,"Nissan"
385,"Acura"
386,"Ford"
396,"Mazda"
400,"BMW"
401,"Ford"
412,"Pontiac"
413,"Infiniti"
420,"Mazda"
423,"Acura"
425,"Ford"
427,"Mercedes-Benz"
429,"Nissan"
430,"Chevrolet"
431,"Hummer"
438,"GMC"
441,"Lamborghini"
443,"Dodge"
452,"Saab"
454,"Nissan"
455,"Ford"
458,"Volvo"
461,"Saab"
464,"Mazda"
481,"Chevrolet"
488,"Pontiac"
493,"Mercury"
497,"Mercury"
499,"Nissan"
503,"Nissan"
504,"Kia"
505,"Nissan"
506,"Chevrolet"
509,"Volkswagen"
513,"Hyundai"
515,"Chevrolet"
516,"Mercedes-Benz"
525,"Hyundai"
531,"Chrysler"
534,"Buick"
536,"Volkswagen"
549,"Acura"
551,"GMC"
553,"GMC"
558,"Volvo"
564,"Mercury"
568,"Chrysler"
571,"BMW"
578,"Jeep"
579,"Nissan"
581,"Infiniti"
583,"Volvo"
585,"Audi"
586,"Audi"
591,"Toyota"
596,"Scion"
597,"Chevrolet"
599,"Chevrolet"
602,"Chevrolet"
607,"Pontiac"
611,"Buick"
612,"Ford"
618,"Mazda"
619,"Mercedes-Benz"
627,"Chevrolet"
633,"Chrysler"
638,"Mazda"
643,"Maserati"
653,"Ford"
665,"Jaguar"
666,"Mercedes-Benz"
667,"Acura"
683,"Volkswagen"
684,"Subaru"
700,"Chevrolet"
705,"Toyota"
707,"Dodge"
710,"Ford"
712,"Dodge"
